{"cameraMode":{"drawMode":0,"name":"Shaded","section":"Shading Mode"},"sceneLighting":false,"audioPlay":false,"sceneViewState":{"showFog":true,"showMaterialUpdate":false,"showSkybox":true,"showFlares":true,"showImageEffects":true,"showParticleSystems":true},"in2DMode":false,"pivot":{"x":0.0,"y":0.0001668781042098999,"z":-0.03203944116830826},"rotation":{"x":-0.1463945508003235,"y":0.28127288818359377,"z":-0.043462835252285007,"w":-0.9473991990089417},"size":0.1525818109512329,"orthographic":false}