{"cameraMode":{"drawMode":0,"name":"Shaded","section":"Shading Mode"},"sceneLighting":true,"audioPlay":false,"sceneViewState":{"showFog":true,"showMaterialUpdate":false,"showSkybox":true,"showFlares":true,"showImageEffects":true,"showParticleSystems":true},"in2DMode":false,"pivot":{"x":-27.96518325805664,"y":-23.092464447021486,"z":26.61762237548828},"rotation":{"x":-0.31131693720817568,"y":0.2906092405319214,"z":-0.1006167083978653,"w":-0.8991687297821045},"size":42.38420104980469,"orthographic":false}