{"cameraMode":{"drawMode":0,"name":"Shaded","section":"Shading Mode"},"sceneLighting":false,"audioPlay":false,"sceneViewState":{"showFog":true,"showMaterialUpdate":false,"showSkybox":true,"showFlares":true,"showImageEffects":true,"showParticleSystems":true},"in2DMode":false,"pivot":{"x":0.0001840144395828247,"y":-0.01677870750427246,"z":-0.006050214171409607},"rotation":{"x":-0.1463945508003235,"y":0.28127288818359377,"z":-0.043462835252285007,"w":-0.9473991990089417},"size":0.6813514232635498,"orthographic":false}